<?xml version="1.0" encoding="UTF-8" standalone="yes"?>
<addon id="repository.nixgates" name="Nixgates Repo" version="1.0.0" provider-name="Nixgates">
	<extension point="xbmc.addon.repository" name="Nixgates Repo">
		<info compressed="false">https://raw.githubusercontent.com/nixgates/nixgates/master/packages/addons.xml</info>
		<checksum>https://raw.githubusercontent.com/nixgates/nixgates/master/packages/addons.xml.md5</checksum>
		<datadir zip="true">https://raw.githubusercontent.com/nixgates/nixgates/master/packages</datadir>
	</extension>
	<extension point="xbmc.addon.metadata">
		<summary>Nixgates</summary>
		<description>Nixgates Repository</description>
		<disclaimer></disclaimer>
		<platform>all</platform>
	</extension>
</addon>